5201499426646;https://drive.google.com/file/d/16yPteyE0zcIHZ0_Ozo6Hv53LYHXbojPD/view?usp=sharing, https://drive.google.com/file/d/1luplrcFroxStxFN5XHHwWBMo0Ik3dQXC/view?usp=sharing
5201499426653;https://drive.google.com/file/d/16yPteyE0zcIHZ0_Ozo6Hv53LYHXbojPD/view?usp=sharing, https://drive.google.com/file/d/1luplrcFroxStxFN5XHHwWBMo0Ik3dQXC/view?usp=sharing
5201499426660;https://drive.google.com/file/d/16yPteyE0zcIHZ0_Ozo6Hv53LYHXbojPD/view?usp=sharing, https://drive.google.com/file/d/1luplrcFroxStxFN5XHHwWBMo0Ik3dQXC/view?usp=sharing
5201499426677;https://drive.google.com/file/d/16yPteyE0zcIHZ0_Ozo6Hv53LYHXbojPD/view?usp=sharing, https://drive.google.com/file/d/1luplrcFroxStxFN5XHHwWBMo0Ik3dQXC/view?usp=sharing
5201499426684;https://drive.google.com/file/d/16yPteyE0zcIHZ0_Ozo6Hv53LYHXbojPD/view?usp=sharing, https://drive.google.com/file/d/1luplrcFroxStxFN5XHHwWBMo0Ik3dQXC/view?usp=sharing
5201499426691;https://drive.google.com/file/d/16yPteyE0zcIHZ0_Ozo6Hv53LYHXbojPD/view?usp=sharing, https://drive.google.com/file/d/1luplrcFroxStxFN5XHHwWBMo0Ik3dQXC/view?usp=sharing
5201499426707;https://drive.google.com/file/d/16yPteyE0zcIHZ0_Ozo6Hv53LYHXbojPD/view?usp=sharing, https://drive.google.com/file/d/1luplrcFroxStxFN5XHHwWBMo0Ik3dQXC/view?usp=sharing
5201499426714;https://drive.google.com/file/d/16yPteyE0zcIHZ0_Ozo6Hv53LYHXbojPD/view?usp=sharing, https://drive.google.com/file/d/1luplrcFroxStxFN5XHHwWBMo0Ik3dQXC/view?usp=sharing
5201499426721;https://drive.google.com/file/d/16yPteyE0zcIHZ0_Ozo6Hv53LYHXbojPD/view?usp=sharing, https://drive.google.com/file/d/1luplrcFroxStxFN5XHHwWBMo0Ik3dQXC/view?usp=sharing
5201499426738;https://drive.google.com/file/d/16yPteyE0zcIHZ0_Ozo6Hv53LYHXbojPD/view?usp=sharing, https://drive.google.com/file/d/1luplrcFroxStxFN5XHHwWBMo0Ik3dQXC/view?usp=sharing
5201499426745;https://drive.google.com/file/d/16yPteyE0zcIHZ0_Ozo6Hv53LYHXbojPD/view?usp=sharing, https://drive.google.com/file/d/1luplrcFroxStxFN5XHHwWBMo0Ik3dQXC/view?usp=sharing
5201499426752;https://drive.google.com/file/d/16yPteyE0zcIHZ0_Ozo6Hv53LYHXbojPD/view?usp=sharing, https://drive.google.com/file/d/1luplrcFroxStxFN5XHHwWBMo0Ik3dQXC/view?usp=sharing
5201499426769;https://drive.google.com/file/d/16yPteyE0zcIHZ0_Ozo6Hv53LYHXbojPD/view?usp=sharing, https://drive.google.com/file/d/1luplrcFroxStxFN5XHHwWBMo0Ik3dQXC/view?usp=sharing
5201499426776;https://drive.google.com/file/d/16yPteyE0zcIHZ0_Ozo6Hv53LYHXbojPD/view?usp=sharing, https://drive.google.com/file/d/1luplrcFroxStxFN5XHHwWBMo0Ik3dQXC/view?usp=sharing
5201499426783;https://drive.google.com/file/d/16yPteyE0zcIHZ0_Ozo6Hv53LYHXbojPD/view?usp=sharing, https://drive.google.com/file/d/1luplrcFroxStxFN5XHHwWBMo0Ik3dQXC/view?usp=sharing
5201499426790;https://drive.google.com/file/d/16yPteyE0zcIHZ0_Ozo6Hv53LYHXbojPD/view?usp=sharing, https://drive.google.com/file/d/1luplrcFroxStxFN5XHHwWBMo0Ik3dQXC/view?usp=sharing
5201499426806;https://drive.google.com/file/d/16yPteyE0zcIHZ0_Ozo6Hv53LYHXbojPD/view?usp=sharing, https://drive.google.com/file/d/1luplrcFroxStxFN5XHHwWBMo0Ik3dQXC/view?usp=sharing
5201499426813;https://drive.google.com/file/d/16yPteyE0zcIHZ0_Ozo6Hv53LYHXbojPD/view?usp=sharing, https://drive.google.com/file/d/1luplrcFroxStxFN5XHHwWBMo0Ik3dQXC/view?usp=sharing
5201499426820;https://drive.google.com/file/d/16yPteyE0zcIHZ0_Ozo6Hv53LYHXbojPD/view?usp=sharing, https://drive.google.com/file/d/1luplrcFroxStxFN5XHHwWBMo0Ik3dQXC/view?usp=sharing
5201499426837;https://drive.google.com/file/d/16yPteyE0zcIHZ0_Ozo6Hv53LYHXbojPD/view?usp=sharing, https://drive.google.com/file/d/1luplrcFroxStxFN5XHHwWBMo0Ik3dQXC/view?usp=sharing
5201499426844;https://drive.google.com/file/d/16yPteyE0zcIHZ0_Ozo6Hv53LYHXbojPD/view?usp=sharing, https://drive.google.com/file/d/1luplrcFroxStxFN5XHHwWBMo0Ik3dQXC/view?usp=sharing
5201499426851;https://drive.google.com/file/d/1-YsNtfX0DYfTttkHzwXUVRSIlzdOaY8Q/view?usp=sharing, https://drive.google.com/file/d/19JhlR8ZKUE3HfW9v_oOy_OoOMUWa627w/view?usp=sharing
5201499426868;https://drive.google.com/file/d/1-YsNtfX0DYfTttkHzwXUVRSIlzdOaY8Q/view?usp=sharing, https://drive.google.com/file/d/1u4oThWrrOSXChgYrXZttXcNSfjfCqytv/view?usp=sharing
5201499426875;https://drive.google.com/file/d/1-YsNtfX0DYfTttkHzwXUVRSIlzdOaY8Q/view?usp=sharing, https://drive.google.com/file/d/1yzKN97dl5LvfpnelQR5zxnft5a_XnNQ1/view?usp=sharing
5201499426882;https://drive.google.com/file/d/1-YsNtfX0DYfTttkHzwXUVRSIlzdOaY8Q/view?usp=sharing, https://drive.google.com/file/d/19JhlR8ZKUE3HfW9v_oOy_OoOMUWa627w/view?usp=sharing
5201499426899;https://drive.google.com/file/d/1-YsNtfX0DYfTttkHzwXUVRSIlzdOaY8Q/view?usp=sharing, https://drive.google.com/file/d/1u4oThWrrOSXChgYrXZttXcNSfjfCqytv/view?usp=sharing
5201499426905;https://drive.google.com/file/d/1-YsNtfX0DYfTttkHzwXUVRSIlzdOaY8Q/view?usp=sharing, https://drive.google.com/file/d/1yzKN97dl5LvfpnelQR5zxnft5a_XnNQ1/view?usp=sharing
5201499426912;https://drive.google.com/file/d/1-YsNtfX0DYfTttkHzwXUVRSIlzdOaY8Q/view?usp=sharing, https://drive.google.com/file/d/19JhlR8ZKUE3HfW9v_oOy_OoOMUWa627w/view?usp=sharing
5201499426929;https://drive.google.com/file/d/1-YsNtfX0DYfTttkHzwXUVRSIlzdOaY8Q/view?usp=sharing, https://drive.google.com/file/d/1u4oThWrrOSXChgYrXZttXcNSfjfCqytv/view?usp=sharing
5201499426936;https://drive.google.com/file/d/1-YsNtfX0DYfTttkHzwXUVRSIlzdOaY8Q/view?usp=sharing, https://drive.google.com/file/d/1yzKN97dl5LvfpnelQR5zxnft5a_XnNQ1/view?usp=sharing
5201499426943;https://drive.google.com/file/d/1aMptuahbUiMegovkqrB-_z-VI6QH_I-V/view?usp=sharing, https://drive.google.com/file/d/1cQI3lZoSnT79E4wgyku16qp1WIJaWAAL/view?usp=sharing
5201499426950;https://drive.google.com/file/d/1aMptuahbUiMegovkqrB-_z-VI6QH_I-V/view?usp=sharing, https://drive.google.com/file/d/16pakln4Xg06NnXgP2EHNCQYKcFPI0EtF/view?usp=sharing
5201499426967;https://drive.google.com/file/d/1aMptuahbUiMegovkqrB-_z-VI6QH_I-V/view?usp=sharing, https://drive.google.com/file/d/1cQI3lZoSnT79E4wgyku16qp1WIJaWAAL/view?usp=sharing
5201499426974;https://drive.google.com/file/d/1aMptuahbUiMegovkqrB-_z-VI6QH_I-V/view?usp=sharing, https://drive.google.com/file/d/16pakln4Xg06NnXgP2EHNCQYKcFPI0EtF/view?usp=sharing
5201499426981;https://drive.google.com/file/d/1aMptuahbUiMegovkqrB-_z-VI6QH_I-V/view?usp=sharing, https://drive.google.com/file/d/1cQI3lZoSnT79E4wgyku16qp1WIJaWAAL/view?usp=sharing
